time;r_p;r_m;r_0;r_0_
140;13.23918076236908;9.468256354217223;11.321300250305649;11.353718558293151
